<application>
  <component name="LafManager" autodetect="false">
    <laf class-name="com.intellij.ide.ui.laf.IntelliJLaf" themeId="JetBrainsLightTheme" />
    <lafs-to-previous-schemes>
      <laf-to-scheme laf="Dark" scheme="_@user_Dark" />
      <laf-to-scheme laf="Gradianto Deep Ocean" scheme="_@user_Gradianto Deep Ocean" />
      <laf-to-scheme laf="One Dark" scheme="_@user_One Dark" />
      <laf-to-scheme laf="One Dark Italic" scheme="_@user_One Dark Italic" />
      <laf-to-scheme laf="One Dark Vivid" scheme="_@user_One Dark Vivid" />
      <laf-to-scheme laf="One Dark Vivid Italic" scheme="_@user_Default" />
      <laf-to-scheme laf="[NEWUI] Gradianto Dark Fuchsia" scheme="_@user_Gradianto Dark Fuchsia" />
      <laf-to-scheme laf="[NEWUI] Gradianto Deep Ocean" scheme="_@user_Gradianto Deep Ocean New" />
      <laf-to-scheme laf="[NEWUI] Gradianto Midnight Blue" scheme="_@user_Gradianto Midnight Blue New" />
      <laf-to-scheme laf="[NEWUI] Gradianto Nature Green" scheme="_@user_Gradianto Nature Green New" />
    </lafs-to-previous-schemes>
  </component>
</application>