<keymap version="1" name="macOS copy" parent="Mac OS X 10.5+">
  <action id="CollapseAllRegions">
    <keyboard-shortcut first-keystroke="shift meta underscore" />
  </action>
  <action id="ExpandAllRegions">
    <keyboard-shortcut first-keystroke="shift meta add" />
    <keyboard-shortcut first-keystroke="shift meta equals" />
    <keyboard-shortcut first-keystroke="shift meta plus" />
  </action>
  <action id="kwaipilot.GenerateUT">
    <keyboard-shortcut first-keystroke="shift alt t" />
  </action>
  <action id="tasks.switch" />
</keymap>