<profile version="1.0">
  <option name="myName" value="kuaishou" />
  <inspection_tool class="BooleanMethodIsAlwaysInverted" enabled="true" level="WEAK WARNING" enabled_by_default="true" />
  <inspection_tool class="ConstantConditions" enabled="true" level="WEAK WARNING" enabled_by_default="true">
    <option name="SUGGEST_NULLABLE_ANNOTATIONS" value="false" />
    <option name="DONT_REPORT_TRUE_ASSERT_STATEMENTS" value="false" />
  </inspection_tool>
  <inspection_tool class="DefaultFileTemplate" enabled="false" level="WARNING" enabled_by_default="false">
    <option name="CHECK_FILE_HEADER" value="true" />
    <option name="CHECK_TRY_CATCH_SECTION" value="true" />
    <option name="CHECK_METHOD_BODY" value="true" />
  </inspection_tool>
  <inspection_tool class="Deprecation" enabled="true" level="WEAK WARNING" enabled_by_default="true" />
  <inspection_tool class="JavaDoc" enabled="true" level="WARNING" enabled_by_default="true">
    <option name="TOP_LEVEL_CLASS_OPTIONS">
      <value>
        <option name="ACCESS_JAVADOC_REQUIRED_FOR" value="none" />
        <option name="REQUIRED_TAGS" value="" />
      </value>
    </option>
    <option name="INNER_CLASS_OPTIONS">
      <value>
        <option name="ACCESS_JAVADOC_REQUIRED_FOR" value="none" />
        <option name="REQUIRED_TAGS" value="" />
      </value>
    </option>
    <option name="METHOD_OPTIONS">
      <value>
        <option name="ACCESS_JAVADOC_REQUIRED_FOR" value="none" />
        <option name="REQUIRED_TAGS" value="@return@param@throws or @exception" />
      </value>
    </option>
    <option name="FIELD_OPTIONS">
      <value>
        <option name="ACCESS_JAVADOC_REQUIRED_FOR" value="none" />
        <option name="REQUIRED_TAGS" value="" />
      </value>
    </option>
    <option name="IGNORE_DEPRECATED" value="false" />
    <option name="IGNORE_JAVADOC_PERIOD" value="true" />
    <option name="IGNORE_DUPLICATED_THROWS" value="false" />
    <option name="IGNORE_POINT_TO_ITSELF" value="false" />
    <option name="myAdditionalJavadocTags" value="date" />
  </inspection_tool>
  <inspection_tool class="NullableProblems" enabled="true" level="WARNING" enabled_by_default="true">
    <option name="REPORT_NULLABLE_METHOD_OVERRIDES_NOTNULL" value="true" />
    <option name="REPORT_NOT_ANNOTATED_METHOD_OVERRIDES_NOTNULL" value="false" />
    <option name="REPORT_NOTNULL_PARAMETER_OVERRIDES_NULLABLE" value="true" />
    <option name="REPORT_NOT_ANNOTATED_PARAMETER_OVERRIDES_NOTNULL" value="true" />
    <option name="REPORT_NOT_ANNOTATED_GETTER" value="true" />
    <option name="IGNORE_EXTERNAL_SUPER_NOTNULL" value="true" />
    <option name="REPORT_NOT_ANNOTATED_SETTER_PARAMETER" value="true" />
    <option name="REPORT_ANNOTATION_NOT_PROPAGATED_TO_OVERRIDERS" value="false" />
    <option name="REPORT_NULLS_PASSED_TO_NON_ANNOTATED_METHOD" value="true" />
  </inspection_tool>
  <inspection_tool class="SameParameterValue" enabled="true" level="WEAK WARNING" enabled_by_default="true" />
  <inspection_tool class="SpringAutowiredFieldsWarningInspection" enabled="false" level="WARNING" enabled_by_default="false" />
  <inspection_tool class="SpringJavaAutowiredFieldsWarningInspection" enabled="false" level="WARNING" enabled_by_default="false" />
  <inspection_tool class="SqlResolveInspection" enabled="false" level="WARNING" enabled_by_default="false" />
  <inspection_tool class="ThrowableInFormattedMessage" enabled="false" level="WEAK WARNING" enabled_by_default="false" />
  <inspection_tool class="TrivialIf" enabled="true" level="WEAK WARNING" enabled_by_default="true" />
  <inspection_tool class="UnusedReturnValue" enabled="true" level="WEAK WARNING" enabled_by_default="true" />
  <inspection_tool class="WeakerAccess" enabled="true" level="INFORMATION" enabled_by_default="true">
    <option name="SUGGEST_PACKAGE_LOCAL_FOR_MEMBERS" value="true" />
    <option name="SUGGEST_PACKAGE_LOCAL_FOR_TOP_CLASSES" value="true" />
    <option name="SUGGEST_PRIVATE_FOR_INNERS" value="false" />
  </inspection_tool>
  <inspection_tool class="unused" enabled="true" level="WEAK WARNING" enabled_by_default="true" ignoreAccessors="true">
    <option name="LOCAL_VARIABLE" value="true" />
    <option name="FIELD" value="true" />
    <option name="METHOD" value="true" />
    <option name="CLASS" value="true" />
    <option name="PARAMETER" value="true" />
    <option name="REPORT_PARAMETER_FOR_PUBLIC_METHODS" value="true" />
    <option name="ADD_MAINS_TO_ENTRIES" value="true" />
    <option name="ADD_APPLET_TO_ENTRIES" value="true" />
    <option name="ADD_SERVLET_TO_ENTRIES" value="true" />
    <option name="ADD_NONJAVA_TO_ENTRIES" value="true" />
  </inspection_tool>
</profile>